entity_id,entity_name,entity_type,country,sanction_source,sanction_category,reason_for_sanction,risk_level,pep_flag,fraudster_flag,blacklist_flag,regulatory_reference,effective_date,expiry_date,status,created_at,updated_at
SANC_00001,"Guzman, Hoffman and Baldwin",Individual,Syria,UN,Narcotics,Information last everything thank serve civil institution.,High,True,True,True,REG-2025-189,2023-11-20,2024-12-21,Active,2026-02-19 12:32:54.590512,2026-06-02 12:32:54.590522
SANC_00002,Phillip Garcia,Vessel,Bermuda,OFAC,Narcotics,Benefit suggest page southern role movie.,Critical,True,False,True,REG-2025-384,2024-01-02,2025-01-07,Active,2025-02-11 12:32:54.591144,2026-05-24 12:32:54.591152
SANC_00003,Miller-Carter,Organization,Saint Pierre and Miquelon,EU,Narcotics,Peace technology officer relate animal direction eye bag.,Critical,True,True,True,REG-2024-199,2025-05-24,2027-05-11,Active,2025-05-01 12:32:54.591745,2026-05-11 12:32:54.591752
SANC_00004,James Group,Vessel,Benin,OFAC,Regime Sanctions,Class great prove reduce raise author.,High,False,False,True,REG-2025-296,2023-11-30,2025-01-14,Active,2025-04-02 12:32:54.592147,2026-05-15 12:32:54.592153
SANC_00005,"Daniel, Martin and Gray",Individual,Burundi,OFAC,Regime Sanctions,Detail food shoulder argue start source husband.,Critical,False,False,True,REG-2022-479,2024-09-19,2027-08-06,Active,2025-10-21 12:32:54.592885,2026-03-16 12:32:54.592891
SANC_00006,"Walter, Edwards and Rios",Vessel,Anguilla,EU,Narcotics,Those poor central cause seat much.,High,False,False,True,REG-2023-755,2023-08-01,2025-03-12,Active,2025-03-21 12:32:54.593579,2026-05-03 12:32:54.593585
SANC_00007,Hurst-Ross,Individual,Burundi,OFAC,Cyber Crime,Young catch management sense technology.,Critical,False,True,True,REG-2022-680,2024-12-10,2026-10-28,Active,2025-11-18 12:32:54.594090,2026-03-22 12:32:54.594096
SANC_00008,Michael Carlson,Vessel,Benin,EU,Cyber Crime,High you more wife team activity.,High,True,False,True,REG-2025-538,2023-10-03,2025-11-14,Active,2025-09-02 12:32:54.594538,2026-05-16 12:32:54.594543
SANC_00009,"Dyer, Potter and Mack",Individual,Jamaica,UKHM,Terrorism Financing,Born itself law west then enjoy.,High,True,True,True,REG-2022-911,2024-11-21,2027-07-24,Active,2026-02-02 12:32:54.595201,2026-04-25 12:32:54.595206
SANC_00010,Thomas Harrell,Organization,Jamaica,UN,Terrorism Financing,Success medical current hear claim.,High,False,False,True,REG-2021-400,2024-06-13,2026-09-20,Active,2026-03-05 12:32:54.595623,2026-03-13 12:32:54.595628
SANC_00011,"Sellers, George and Burns",Organization,Jamaica,EU,Terrorism Financing,Upon these story film.,Critical,True,True,True,REG-2023-880,2025-05-10,,Active,2025-02-01 12:32:54.596283,2026-04-07 12:32:54.596289
SANC_00012,"Arroyo, Miller and Tucker",Vessel,Philippines,UKHM,Terrorism Financing,Within mouth call process.,High,False,False,True,REG-2022-159,2023-07-26,,Active,2025-05-20 12:32:54.596953,2026-06-03 12:32:54.596960
SANC_00013,Joseph Obrien,Organization,Anguilla,EU,Narcotics,Up sense ready require human.,Critical,True,False,True,REG-2025-993,2025-05-05,2026-12-07,Active,2025-06-03 12:32:54.597371,2026-03-09 12:32:54.597377
SANC_00014,Kim-Holmes,Individual,Russia,UN,Regime Sanctions,Easy ask again network.,Critical,False,False,True,REG-2021-353,2024-10-16,,Active,2025-09-14 12:32:54.597875,2026-06-11 12:32:54.597880
SANC_00015,Jones Ltd,Individual,Antarctica (the territory South of 60 deg S),EU,Terrorism Financing,Director town teacher audience.,High,True,True,True,REG-2021-132,2024-08-16,2025-10-27,Active,2025-06-16 12:32:54.598221,2026-05-14 12:32:54.598226
SANC_00016,Cindy Anderson,Organization,Czech Republic,EU,Regime Sanctions,Office drug list imagine behind probably great.,High,False,False,True,REG-2022-196,2023-12-04,,Active,2025-07-29 12:32:54.598683,2026-04-29 12:32:54.598689
SANC_00017,Amy Valdez,Organization,Syria,OFAC,Terrorism Financing,Art rock song body.,High,False,False,True,REG-2021-354,2024-04-09,,Active,2025-06-05 12:32:54.599110,2026-04-17 12:32:54.599116
SANC_00018,Brenda White,Individual,Saint Pierre and Miquelon,UKHM,Narcotics,Economic type kitchen technology nearly anything yourself.,High,False,True,True,REG-2021-767,2023-10-31,2024-11-14,Active,2026-01-18 12:32:54.599551,2026-03-09 12:32:54.599557
SANC_00019,House and Sons,Individual,Mayotte,UKHM,Regime Sanctions,Image loss ten total.,High,False,True,True,REG-2022-488,2025-02-13,,Active,2025-08-19 12:32:54.599925,2026-05-11 12:32:54.599932
SANC_00020,Galloway LLC,Organization,Bosnia and Herzegovina,UKHM,Regime Sanctions,Expect recent room situation product main couple.,High,True,False,True,REG-2022-159,2023-10-12,2026-04-19,Active,2026-02-03 12:32:54.600286,2026-03-10 12:32:54.600292
SANC_00021,Noah Brown,Individual,Antarctica (the territory South of 60 deg S),UKHM,Narcotics,Arm once me system church whether.,High,True,True,True,REG-2021-709,2023-11-19,,Active,2025-11-06 12:32:54.600715,2026-04-23 12:32:54.600721
SANC_00022,Kurt Leonard,Vessel,Burundi,OFAC,Terrorism Financing,Identify walk now often always.,Critical,False,False,True,REG-2022-785,2023-08-11,2025-04-11,Active,2025-10-22 12:32:54.601126,2026-04-24 12:32:54.601131
SANC_00023,Krystal Stewart,Vessel,Bosnia and Herzegovina,UKHM,Cyber Crime,Daughter respond draw how public.,High,True,False,True,REG-2025-676,2023-08-12,2024-10-25,Active,2025-06-04 12:32:54.601561,2026-05-17 12:32:54.601567
SANC_00024,Hickman-Walls,Individual,Saint Vincent and the Grenadines,OFAC,Narcotics,Leader your you.,Critical,False,True,True,REG-2024-953,2024-01-18,2025-11-22,Active,2025-04-27 12:32:54.602062,2026-03-22 12:32:54.602067
SANC_00025,Wagner and Sons,Vessel,Antigua and Barbuda,UN,Terrorism Financing,Thing these hard citizen street region.,High,False,True,True,REG-2021-860,2023-08-06,2025-05-10,Active,2025-10-13 12:32:54.602402,2026-03-28 12:32:54.602407
SANC_00026,Miss Aimee Montoya,Organization,Czech Republic,UN,Regime Sanctions,Use billion there enough threat.,Critical,True,True,True,REG-2024-949,2024-09-02,,Active,2026-03-05 12:32:54.602841,2026-05-02 12:32:54.602846
SANC_00027,Nelson PLC,Vessel,Saint Pierre and Miquelon,EU,Regime Sanctions,Response data plant enough major.,Critical,True,True,True,REG-2021-807,2024-12-06,2027-06-17,Active,2026-02-16 12:32:54.603204,2026-04-27 12:32:54.603210
SANC_00028,Davis Group,Individual,Mayotte,EU,Terrorism Financing,Analysis four capital woman claim.,Critical,False,True,True,REG-2023-315,2025-04-04,2028-02-15,Active,2026-01-13 12:32:54.603546,2026-04-29 12:32:54.603550
SANC_00029,"Patterson, Smith and Jones",Organization,Bermuda,EU,Narcotics,Nation strong old challenge.,High,True,False,True,REG-2021-283,2024-05-01,2026-04-06,Active,2025-01-30 12:32:54.604237,2026-04-22 12:32:54.604243
SANC_00030,Diaz-Fitzpatrick,Vessel,Burundi,UN,Narcotics,Together decide economic.,High,False,True,True,REG-2024-327,2023-09-15,,Active,2025-07-14 12:32:54.604736,2026-04-30 12:32:54.604743
SANC_00031,Stacey Russell,Individual,Burundi,OFAC,Narcotics,See understand door class son computer include conference.,Critical,False,False,True,REG-2021-891,2023-08-28,,Active,2025-04-12 12:32:54.605151,2026-04-09 12:32:54.605157
SANC_00032,Jennifer Santiago,Vessel,Philippines,OFAC,Terrorism Financing,Environment skin blue the teach.,Critical,True,False,True,REG-2021-211,2025-04-18,2027-04-06,Active,2025-02-26 12:32:54.605572,2026-05-04 12:32:54.605578
SANC_00033,Julia Torres,Vessel,Saint Vincent and the Grenadines,UKHM,Narcotics,Development process huge everything attorney.,Critical,True,False,True,REG-2021-632,2023-11-23,2026-05-27,Active,2025-03-20 12:32:54.605997,2026-03-13 12:32:54.606002
SANC_00034,May-Ross,Vessel,North Korea,EU,Cyber Crime,Former agree theory end oil worker although.,Critical,True,False,True,REG-2025-421,2024-12-29,2026-05-05,Active,2025-03-03 12:32:54.606497,2026-05-06 12:32:54.606501
SANC_00035,Chandler-Edwards,Vessel,Mayotte,UN,Regime Sanctions,Worker break tonight couple and job mind southern.,Critical,True,True,True,REG-2024-780,2024-08-22,2027-07-16,Active,2025-02-16 12:32:54.607031,2026-05-22 12:32:54.607037
SANC_00036,"Mclaughlin, Gonzalez and Reynolds",Organization,Uganda,OFAC,Cyber Crime,Perhaps professional by tonight medical project.,Critical,True,False,True,REG-2025-721,2024-10-27,2027-02-15,Active,2025-07-23 12:32:54.607713,2026-04-18 12:32:54.607719
SANC_00037,"Phillips, Martinez and Fisher",Vessel,Nauru,EU,Terrorism Financing,Quality total past feeling nature a.,Critical,False,True,True,REG-2022-788,2024-02-07,2025-08-28,Active,2025-12-21 12:32:54.608365,2026-06-10 12:32:54.608371
SANC_00038,Kevin Pena,Organization,Bermuda,OFAC,Regime Sanctions,Kid put memory soldier where save probably.,Critical,True,False,True,REG-2024-509,2024-01-09,,Active,2025-04-05 12:32:54.608813,2026-03-17 12:32:54.608820
SANC_00039,Lisa Davis,Individual,Mayotte,EU,Narcotics,Pull different current agency each.,Critical,True,True,True,REG-2021-567,2024-01-07,,Active,2025-07-12 12:32:54.609247,2026-03-20 12:32:54.609253
SANC_00040,Gibson Ltd,Vessel,Bermuda,UN,Regime Sanctions,Create recent manager during prevent accept seem.,Critical,False,True,True,REG-2024-560,2024-05-25,,Active,2025-10-31 12:32:54.609605,2026-03-24 12:32:54.609612
SANC_00041,Jeffery Thompson,Vessel,Nauru,EU,Cyber Crime,Let newspaper true building card let most.,Critical,True,False,True,REG-2022-378,2024-12-27,2027-07-03,Active,2026-01-24 12:32:54.610042,2026-05-27 12:32:54.610048
SANC_00042,Pedro Ramos,Organization,Russia,EU,Narcotics,Interview trade knowledge city technology late seem.,High,False,False,True,REG-2023-655,2024-07-26,2025-09-27,Active,2025-11-21 12:32:54.610460,2026-04-21 12:32:54.610466
SANC_00043,Richard Washington,Vessel,Russia,OFAC,Regime Sanctions,Ever back experience even floor.,Critical,True,False,True,REG-2023-871,2025-02-16,2027-04-21,Active,2025-06-04 12:32:54.610887,2026-03-10 12:32:54.610893
SANC_00044,Hernandez Group,Vessel,Burundi,UKHM,Narcotics,Relationship ask imagine my.,Critical,False,False,True,REG-2021-498,2024-07-12,2027-06-07,Active,2025-08-11 12:32:54.611232,2026-03-13 12:32:54.611238
SANC_00045,Jason Stein,Organization,Falkland Islands (Malvinas),OFAC,Regime Sanctions,Watch affect thing offer local wall fear hope.,High,True,False,True,REG-2022-987,2024-04-12,2025-06-02,Active,2025-10-24 12:32:54.611635,2026-04-26 12:32:54.611640
SANC_00046,Kimberly Navarro,Organization,Philippines,UN,Regime Sanctions,Today major event magazine home protect something right.,Critical,False,False,True,REG-2021-581,2025-03-25,,Active,2025-06-03 12:32:54.612046,2026-06-07 12:32:54.612053
SANC_00047,Hooper PLC,Organization,Burundi,OFAC,Terrorism Financing,Trade option production.,High,True,True,True,REG-2021-736,2025-02-16,,Active,2026-01-01 12:32:54.612383,2026-04-14 12:32:54.612389
SANC_00048,Taylor-Murray,Vessel,Czech Republic,UKHM,Cyber Crime,Employee force lawyer.,Critical,True,True,True,REG-2022-418,2023-08-14,,Active,2026-02-21 12:32:54.612873,2026-05-05 12:32:54.612878
SANC_00049,Ramirez-Bean,Organization,Uganda,EU,Terrorism Financing,Edge bank affect much yourself glass.,High,True,False,True,REG-2025-924,2024-02-15,,Active,2025-05-21 12:32:54.613355,2026-06-08 12:32:54.613361
SANC_00050,Marissa Webster,Organization,North Korea,UN,Terrorism Financing,Current after charge call prove.,Critical,True,False,True,REG-2024-208,2024-09-30,2026-10-05,Active,2025-04-15 12:32:54.613771,2026-04-16 12:32:54.613775
SANC_00051,Marshall LLC,Organization,Ecuador,UN,Regime Sanctions,Cold parent security boy standard who.,Critical,False,False,True,REG-2023-972,2024-07-29,,Active,2026-01-21 12:32:54.614113,2026-05-09 12:32:54.614120
SANC_00052,Hickman PLC,Individual,Benin,UKHM,Cyber Crime,However resource away real physical big.,High,False,False,True,REG-2022-599,2023-08-31,,Active,2025-10-25 12:32:54.614452,2026-05-01 12:32:54.614458
SANC_00053,Lindsay Martinez,Vessel,Russia,UN,Terrorism Financing,Site girl into have media game support.,High,True,True,True,REG-2024-600,2024-12-28,2026-08-31,Active,2025-03-18 12:32:54.614895,2026-04-14 12:32:54.614900
SANC_00054,Hamilton LLC,Organization,Benin,OFAC,Terrorism Financing,Religious itself safe whole establish space Mrs.,Critical,True,False,True,REG-2022-413,2025-02-03,2027-02-15,Active,2025-07-07 12:32:54.615243,2026-04-04 12:32:54.615248
SANC_00055,Petersen-Vargas,Organization,Syria,UN,Cyber Crime,System store beautiful think during let.,Critical,False,False,True,REG-2023-336,2024-05-31,,Active,2025-11-28 12:32:54.615737,2026-05-04 12:32:54.615743
SANC_00056,Allen Rosales,Vessel,Russia,EU,Narcotics,Maintain great election evidence.,High,False,False,True,REG-2025-878,2024-09-01,2026-06-17,Active,2026-01-14 12:32:54.616136,2026-05-20 12:32:54.616141
SANC_00057,Kristi Black,Organization,Ecuador,UN,Terrorism Financing,Beat result major serve real.,High,False,True,True,REG-2021-666,2024-08-22,,Active,2026-01-01 12:32:54.616539,2026-03-24 12:32:54.616544
SANC_00058,West-Smith,Organization,Saint Vincent and the Grenadines,OFAC,Cyber Crime,Develop reality fill ok list.,Critical,False,False,True,REG-2023-288,2024-09-27,2026-06-12,Active,2025-07-05 12:32:54.617050,2026-05-30 12:32:54.617057
SANC_00059,Barajas-Pierce,Organization,Nauru,OFAC,Terrorism Financing,Reflect even edge building court build.,High,True,False,True,REG-2021-354,2024-07-05,,Active,2025-02-08 12:32:54.617546,2026-04-21 12:32:54.617552
SANC_00060,"Lopez, Robinson and Washington",Vessel,Burundi,UKHM,Regime Sanctions,With modern executive beyond create dinner conference add.,Critical,False,False,True,REG-2023-682,2024-07-09,2027-03-25,Active,2025-02-21 12:32:54.618207,2026-06-01 12:32:54.618213
SANC_00061,Williams-Brown,Individual,Iran,EU,Cyber Crime,Recently call than make their.,High,True,True,True,REG-2022-665,2024-07-07,,Active,2026-03-05 12:32:54.618701,2026-04-22 12:32:54.618707
SANC_00062,Jeremiah Lopez,Vessel,Nauru,UN,Terrorism Financing,Education technology box.,High,False,False,True,REG-2024-172,2024-08-06,2026-05-03,Active,2025-04-20 12:32:54.619106,2026-03-30 12:32:54.619112
SANC_00063,Jones-Soto,Individual,Mayotte,OFAC,Narcotics,Charge specific we.,High,False,True,True,REG-2021-161,2023-07-31,,Active,2025-09-30 12:32:54.619542,2026-03-29 12:32:54.619547
SANC_00064,Wilson Group,Vessel,Bosnia and Herzegovina,UKHM,Terrorism Financing,Other peace simply herself training father open investment.,Critical,False,False,True,REG-2023-612,2023-08-15,2025-11-05,Active,2026-01-24 12:32:54.619845,2026-03-29 12:32:54.619850
SANC_00065,Tyler Garcia,Organization,Syria,UN,Cyber Crime,Personal enough ball dream necessary.,High,True,True,True,REG-2025-701,2024-08-02,2027-06-21,Active,2025-10-20 12:32:54.620202,2026-04-01 12:32:54.620207
SANC_00066,Michael Harrison,Individual,Nauru,UKHM,Cyber Crime,Discuss religious reflect.,High,False,False,True,REG-2021-581,2023-10-06,2025-09-11,Active,2025-09-23 12:32:54.620563,2026-03-20 12:32:54.620568
SANC_00067,Tammy French,Individual,Philippines,UKHM,Regime Sanctions,Operation sound cup boy different chance enter central.,Critical,False,True,True,REG-2024-190,2024-05-10,2026-04-06,Active,2026-01-06 12:32:54.620940,2026-03-07 12:32:54.620945
SANC_00068,Linda Holloway,Vessel,Northern Mariana Islands,UKHM,Regime Sanctions,Keep light fight I evening.,High,True,False,True,REG-2025-874,2023-07-27,2025-10-21,Active,2025-02-10 12:32:54.621312,2026-06-07 12:32:54.621318
SANC_00069,Kyle Preston,Vessel,Falkland Islands (Malvinas),UN,Regime Sanctions,Page ago director purpose team onto.,Critical,True,True,True,REG-2025-918,2024-07-12,,Active,2025-12-15 12:32:54.621700,2026-05-05 12:32:54.621705
SANC_00070,"Underwood, Johnston and Hines",Vessel,Mayotte,OFAC,Narcotics,Like prepare trouble consider.,High,False,True,True,REG-2022-610,2023-06-29,2025-04-22,Active,2025-06-19 12:32:54.622297,2026-03-15 12:32:54.622302
SANC_00071,Katherine Davis,Organization,Nauru,EU,Regime Sanctions,Impact fly bit claim in many.,High,False,True,True,REG-2025-620,2024-08-14,2025-12-31,Active,2026-01-30 12:32:54.622684,2026-05-09 12:32:54.622690
SANC_00072,Cervantes-Pierce,Organization,Philippines,UN,Terrorism Financing,Because education break significant ten stay ability.,Critical,False,False,True,REG-2022-557,2024-10-09,2026-09-27,Active,2025-09-17 12:32:54.623133,2026-04-04 12:32:54.623139
SANC_00073,Gutierrez-Lopez,Organization,Benin,UN,Narcotics,Performance material kind appear environment capital.,High,False,True,True,REG-2024-144,2025-03-09,2027-07-06,Active,2025-03-10 12:32:54.623544,2026-04-26 12:32:54.623548
SANC_00074,Kari Johnson,Vessel,Iran,EU,Regime Sanctions,Participant dream citizen nearly need behavior yeah tree.,High,True,False,True,REG-2021-995,2024-01-10,2025-04-21,Active,2025-06-10 12:32:54.623884,2026-04-16 12:32:54.623888
SANC_00075,Ronnie Jimenez,Individual,Mayotte,EU,Terrorism Financing,Meeting event strong woman during.,Critical,False,False,True,REG-2025-809,2024-05-15,2025-08-05,Active,2025-09-19 12:32:54.624207,2026-03-19 12:32:54.624211
SANC_00076,Lee-Greene,Organization,Philippines,UKHM,Terrorism Financing,Tell everybody so increase.,High,True,False,True,REG-2022-864,2024-07-20,,Active,2026-01-15 12:32:54.624600,2026-03-08 12:32:54.624605
SANC_00077,"Adams, Smith and Barber",Individual,Benin,EU,Cyber Crime,Oil process tend land machine forward several help.,High,True,False,True,REG-2021-400,2025-04-26,2027-07-11,Active,2025-12-22 12:32:54.625138,2026-05-13 12:32:54.625142
SANC_00078,Pollard and Sons,Vessel,North Korea,EU,Narcotics,Him task improve fish list tree high.,High,True,False,True,REG-2025-799,2025-04-24,,Active,2025-05-12 12:32:54.625413,2026-05-26 12:32:54.625419
SANC_00079,Marissa Hernandez,Vessel,Saint Pierre and Miquelon,UKHM,Cyber Crime,Call whole forward.,High,False,False,True,REG-2025-261,2025-06-04,,Active,2025-09-11 12:32:54.625755,2026-03-30 12:32:54.625760
SANC_00080,Ariana Lozano,Organization,Russia,UN,Regime Sanctions,Reveal improve pressure.,Critical,True,False,True,REG-2024-209,2023-08-26,,Active,2025-05-18 12:32:54.626081,2026-04-29 12:32:54.626086
SANC_00081,Harrington-Baker,Vessel,Bosnia and Herzegovina,OFAC,Regime Sanctions,Realize power system system teacher here first responsibility.,Critical,True,True,True,REG-2025-863,2023-10-04,2025-07-23,Active,2025-02-02 12:32:54.626477,2026-05-15 12:32:54.626481
SANC_00082,"Johnson, Jones and Welch",Organization,Burundi,EU,Cyber Crime,Young section its better plant.,High,True,True,True,REG-2023-907,2024-12-19,2027-08-04,Active,2025-09-01 12:32:54.626999,2026-03-12 12:32:54.627003
SANC_00083,Michael Berger,Organization,Philippines,UKHM,Narcotics,Food argue grow.,High,True,False,True,REG-2025-613,2025-03-11,2026-08-26,Active,2025-10-26 12:32:54.627329,2026-04-13 12:32:54.627333
SANC_00084,Schmidt PLC,Organization,Syria,UN,Terrorism Financing,Color bad that people.,Critical,True,True,True,REG-2022-980,2024-04-23,2027-03-14,Active,2025-08-15 12:32:54.627603,2026-04-03 12:32:54.627607
SANC_00085,Briana Murray,Organization,Northern Mariana Islands,UN,Terrorism Financing,Least project together let explain.,Critical,False,False,True,REG-2025-490,2023-12-06,2025-12-20,Active,2026-01-10 12:32:54.627939,2026-03-19 12:32:54.627942
SANC_00086,Tony Huerta,Individual,Bermuda,UN,Narcotics,Police interesting economic suddenly current.,High,False,False,True,REG-2024-219,2024-07-17,,Active,2026-02-15 12:32:54.628263,2026-05-06 12:32:54.628268
SANC_00087,Rodriguez-James,Individual,Saint Vincent and the Grenadines,EU,Narcotics,Offer yeah far within probably ever.,Critical,False,False,True,REG-2025-529,2024-03-20,2025-08-25,Active,2025-08-06 12:32:54.628659,2026-03-22 12:32:54.628663
SANC_00088,Natasha Williams,Organization,Bermuda,UKHM,Cyber Crime,Seat strategy total simply discover soon despite couple.,High,False,True,True,REG-2024-555,2024-07-31,2026-08-06,Active,2026-01-15 12:32:54.629002,2026-03-18 12:32:54.629006
SANC_00089,Patricia Becker,Vessel,Saint Vincent and the Grenadines,OFAC,Regime Sanctions,Pick tough position final.,Critical,True,True,True,REG-2024-193,2023-12-13,2026-09-30,Active,2025-04-13 12:32:54.629327,2026-03-29 12:32:54.629332
SANC_00090,"Diaz, Anderson and Browning",Individual,Philippines,EU,Narcotics,Section compare car much will most.,High,True,True,True,REG-2025-321,2024-04-30,2025-12-24,Active,2025-09-19 12:32:54.629850,2026-05-26 12:32:54.629854
SANC_00091,Scott Group,Vessel,Northern Mariana Islands,UN,Narcotics,Second full boy while cell.,High,False,True,True,REG-2021-776,2025-04-10,2026-08-22,Active,2026-02-27 12:32:54.630119,2026-04-29 12:32:54.630123
SANC_00092,"Ramsey, Whitney and Coffey",Individual,Antarctica (the territory South of 60 deg S),UN,Terrorism Financing,Hand so add Mr lawyer pull public.,High,False,True,True,REG-2022-859,2025-05-19,2026-09-12,Active,2025-02-18 12:32:54.630599,2026-06-05 12:32:54.630603
SANC_00093,Teresa Rodriguez,Organization,Jamaica,OFAC,Regime Sanctions,Likely people wall foreign particular.,High,True,False,True,REG-2024-758,2024-08-13,2025-10-14,Active,2025-07-04 12:32:54.630896,2026-04-23 12:32:54.630900
SANC_00094,Julie Haynes,Individual,Nauru,UKHM,Terrorism Financing,Bring animal also you break doctor.,High,False,True,True,REG-2021-229,2024-09-28,,Active,2025-04-16 12:32:54.631190,2026-03-31 12:32:54.631194
SANC_00095,Chavez-Santiago,Organization,Uganda,UN,Regime Sanctions,Industry score choice increase between majority impact.,Critical,True,True,True,REG-2025-838,2024-07-10,2026-09-23,Active,2025-07-18 12:32:54.631544,2026-05-15 12:32:54.631548
SANC_00096,Jacob Ramos,Organization,Uganda,UKHM,Terrorism Financing,Talk between rate name within.,Critical,False,False,True,REG-2023-483,2025-05-08,2028-04-10,Active,2025-07-07 12:32:54.631841,2026-06-05 12:32:54.631845
SANC_00097,Colton Martinez,Individual,Anguilla,UKHM,Terrorism Financing,Begin deep police wife anything four writer.,Critical,True,True,True,REG-2025-675,2024-03-01,2027-01-16,Active,2026-01-03 12:32:54.632138,2026-04-22 12:32:54.632142
SANC_00098,Ronald Spencer,Vessel,Mayotte,OFAC,Cyber Crime,Democratic thank forget challenge too able teach certain.,Critical,False,True,True,REG-2025-619,2025-01-08,,Active,2025-04-04 12:32:54.632430,2026-04-13 12:32:54.632434
SANC_00099,Christopher Guerrero,Individual,Saint Vincent and the Grenadines,UN,Terrorism Financing,Capital group small.,Critical,True,False,True,REG-2025-885,2023-09-16,2026-06-05,Active,2025-03-26 12:32:54.632731,2026-03-23 12:32:54.632735
SANC_00100,Thompson Inc,Vessel,North Korea,UN,Terrorism Financing,Score moment second live.,High,False,False,True,REG-2023-459,2024-08-16,,Active,2025-12-23 12:32:54.632973,2026-04-02 12:32:54.632977
SANC_00101,"Wheeler, Hayes and Walker",Individual,Falkland Islands (Malvinas),OFAC,Terrorism Financing,Analysis situation term miss leader who article look.,High,False,False,True,REG-2024-449,2025-01-01,,Active,2025-09-28 12:32:54.633417,2026-03-13 12:32:54.633421
SANC_00102,Katherine Browning,Vessel,Bermuda,OFAC,Terrorism Financing,Tonight focus chance call.,High,True,True,True,REG-2021-378,2024-04-02,2026-06-10,Active,2025-07-01 12:32:54.633695,2026-03-28 12:32:54.633699
SANC_00103,Michelle James,Organization,Czech Republic,OFAC,Cyber Crime,Most law painting between reduce table prepare shoulder.,Critical,True,False,True,REG-2025-598,2024-09-11,2026-07-23,Active,2026-02-11 12:32:54.633973,2026-05-16 12:32:54.633976
SANC_00104,Jesse Perez,Vessel,Bouvet Island (Bouvetoya),OFAC,Narcotics,Still human role fine fine effort.,Critical,True,True,True,REG-2023-396,2024-11-21,2025-11-28,Active,2025-06-25 12:32:54.634243,2026-03-10 12:32:54.634246
SANC_00105,Kara Davis,Individual,Uganda,EU,Cyber Crime,Behavior benefit school speech.,High,False,True,True,REG-2024-119,2025-05-10,2026-07-28,Active,2025-09-27 12:32:54.634518,2026-04-01 12:32:54.634522
SANC_00106,Kristina Rivera,Organization,Russia,UKHM,Cyber Crime,Improve them wait institution.,High,False,True,True,REG-2023-275,2024-07-24,2027-04-17,Active,2025-07-14 12:32:54.634805,2026-03-17 12:32:54.634808
SANC_00107,Schmitt PLC,Individual,Mayotte,OFAC,Narcotics,Goal official defense prevent difference.,Critical,False,True,True,REG-2024-991,2025-04-12,2027-03-25,Active,2025-11-13 12:32:54.635037,2026-05-02 12:32:54.635040
SANC_00108,"Richardson, Farmer and Andrews",Individual,Jamaica,OFAC,Narcotics,Suddenly window stand party poor ago.,Critical,False,True,True,REG-2022-205,2023-08-31,,Active,2025-11-25 12:32:54.635473,2026-05-22 12:32:54.635477
SANC_00109,"Adams, White and Park",Vessel,Anguilla,EU,Regime Sanctions,Tv go consider century price.,Critical,False,False,True,REG-2023-254,2025-04-22,2027-08-15,Active,2025-07-23 12:32:54.635917,2026-03-25 12:32:54.635921
SANC_00110,Valerie Davis,Organization,Antarctica (the territory South of 60 deg S),OFAC,Cyber Crime,Democrat information game have return since nothing.,High,False,False,True,REG-2024-138,2023-08-03,,Active,2025-10-11 12:32:54.636195,2026-06-04 12:32:54.636199
SANC_00111,Moore PLC,Individual,Bermuda,UKHM,Regime Sanctions,Purpose evening product.,High,False,True,True,REG-2023-719,2023-08-15,2025-01-15,Active,2026-02-03 12:32:54.636415,2026-04-17 12:32:54.636418
SANC_00112,Donald Fischer,Organization,Russia,OFAC,Narcotics,Generation book question or.,High,True,False,True,REG-2024-636,2024-06-02,2025-11-11,Active,2025-09-01 12:32:54.636669,2026-04-27 12:32:54.636673
SANC_00113,Williams-Foster,Organization,Mayotte,UN,Terrorism Financing,Area daughter war should share face build market.,Critical,True,False,True,REG-2021-671,2024-07-02,2026-04-18,Active,2025-10-28 12:32:54.636984,2026-03-13 12:32:54.636987
SANC_00114,James Ltd,Vessel,Falkland Islands (Malvinas),UN,Terrorism Financing,Matter street south author technology.,High,False,False,True,REG-2024-232,2024-04-23,2025-07-18,Active,2025-09-29 12:32:54.637193,2026-04-03 12:32:54.637196
SANC_00115,Thomas Atkins,Organization,Falkland Islands (Malvinas),OFAC,Regime Sanctions,Investment identify policy face if whom commercial.,Critical,True,False,True,REG-2023-284,2023-07-14,2025-06-27,Active,2025-02-07 12:32:54.637444,2026-04-12 12:32:54.637447
SANC_00116,Michael Cox,Individual,Falkland Islands (Malvinas),OFAC,Cyber Crime,Such during open model how financial.,High,True,False,True,REG-2025-234,2025-05-05,2026-10-09,Active,2025-12-13 12:32:54.637703,2026-05-21 12:32:54.637706
SANC_00117,Maxwell-Jones,Vessel,Ecuador,UKHM,Terrorism Financing,Most create simply go.,Critical,False,True,True,REG-2024-725,2024-02-16,,Active,2025-02-16 12:32:54.638010,2026-04-17 12:32:54.638014
SANC_00118,Brittany Garcia,Individual,Bosnia and Herzegovina,UKHM,Narcotics,Culture own set pretty concern.,Critical,False,False,True,REG-2023-896,2025-05-13,2027-11-04,Active,2025-08-04 12:32:54.638271,2026-05-24 12:32:54.638274
SANC_00119,Marshall-Elliott,Vessel,Falkland Islands (Malvinas),UN,Terrorism Financing,Large under north play person ten physical character.,Critical,False,True,True,REG-2025-971,2024-12-29,,Active,2026-01-23 12:32:54.638550,2026-03-08 12:32:54.638554
SANC_00120,Eric Hill,Organization,Jamaica,EU,Regime Sanctions,Goal avoid left also.,High,True,False,True,REG-2023-127,2023-08-02,2025-09-10,Active,2025-06-22 12:32:54.638787,2026-04-27 12:32:54.638789
SANC_00121,Matthew Madden,Individual,Saint Vincent and the Grenadines,EU,Terrorism Financing,Past medical leg never.,Critical,True,False,True,REG-2022-240,2024-03-09,,Active,2025-07-08 12:32:54.639026,2026-03-16 12:32:54.639031
SANC_00122,Cole PLC,Vessel,Nauru,UKHM,Terrorism Financing,Focus little character artist billion.,High,True,False,True,REG-2022-955,2025-01-12,,Active,2025-02-27 12:32:54.639218,2026-03-28 12:32:54.639221
SANC_00123,Haas-Miller,Individual,Bosnia and Herzegovina,EU,Cyber Crime,Always remain yard model.,High,True,True,True,REG-2024-754,2025-03-31,2027-07-12,Active,2026-02-02 12:32:54.639500,2026-05-30 12:32:54.639503
SANC_00124,Watson-Campbell,Organization,Bermuda,OFAC,Narcotics,Simple quickly appear piece free form.,High,False,False,True,REG-2021-729,2024-09-01,2027-04-08,Active,2025-08-05 12:32:54.639786,2026-05-21 12:32:54.639790
SANC_00125,Mitchell-Cummings,Individual,Jamaica,UN,Terrorism Financing,Their four old center glass whose recognize hot.,High,False,False,True,REG-2021-750,2024-07-25,2026-08-11,Active,2025-10-28 12:32:54.640073,2026-03-10 12:32:54.640076
SANC_00126,Emily Bennett,Individual,Saint Vincent and the Grenadines,EU,Terrorism Financing,Spend prove stock school rate money.,Critical,True,True,True,REG-2023-659,2024-08-21,2027-06-10,Active,2025-12-07 12:32:54.640314,2026-03-18 12:32:54.640317
SANC_00127,Ivan Cox,Vessel,Nauru,EU,Narcotics,Week game she court.,High,False,True,True,REG-2023-306,2024-09-27,,Active,2025-11-24 12:32:54.640545,2026-06-08 12:32:54.640548
SANC_00128,Edward French,Organization,Jamaica,UKHM,Regime Sanctions,Side strong this also from short capital.,Critical,True,True,True,REG-2023-465,2025-06-12,2026-07-30,Active,2025-04-05 12:32:54.640785,2026-05-02 12:32:54.640788
SANC_00129,Ronald Wise,Organization,Mayotte,UKHM,Regime Sanctions,Return analysis hair rest.,Critical,False,True,True,REG-2024-808,2024-03-15,2026-08-28,Active,2025-10-21 12:32:54.641018,2026-06-03 12:32:54.641021
SANC_00130,"Mitchell, Goodman and Cole",Individual,Mayotte,EU,Cyber Crime,Dream whole six tough create question now.,Critical,True,True,True,REG-2023-776,2025-05-21,,Active,2025-07-21 12:32:54.641385,2026-03-28 12:32:54.641388
SANC_00131,Strickland-Shaw,Individual,Russia,UKHM,Cyber Crime,Whom stage soon catch economic political.,Critical,True,False,True,REG-2025-545,2024-04-30,,Active,2026-02-05 12:32:54.641648,2026-06-04 12:32:54.641652
SANC_00132,"Villa, Dawson and Black",Organization,Saint Vincent and the Grenadines,EU,Terrorism Financing,Expect several evening town.,High,False,True,True,REG-2022-168,2025-03-13,,Active,2025-04-10 12:32:54.641997,2026-04-28 12:32:54.642001
SANC_00133,Travis Walker,Vessel,Bouvet Island (Bouvetoya),EU,Regime Sanctions,This us increase how hear history bank.,Critical,False,False,True,REG-2021-687,2023-09-29,,Active,2025-08-31 12:32:54.642210,2026-04-24 12:32:54.642213
SANC_00134,Brett Espinoza,Organization,Burundi,OFAC,Terrorism Financing,Social case expert stop receive catch.,High,False,False,True,REG-2025-220,2023-11-24,,Active,2025-10-24 12:32:54.642421,2026-03-15 12:32:54.642424
SANC_00135,Aaron Miller,Vessel,Bosnia and Herzegovina,UKHM,Narcotics,Democratic change vote participant institution.,High,True,True,True,REG-2024-276,2024-11-10,2027-02-08,Active,2026-01-21 12:32:54.642631,2026-03-18 12:32:54.642633
SANC_00136,Turner Inc,Organization,North Korea,UN,Terrorism Financing,Information soldier lead book toward.,Critical,False,True,True,REG-2022-912,2024-12-31,2026-08-17,Active,2026-01-03 12:32:54.642820,2026-05-19 12:32:54.642822
SANC_00137,Chen PLC,Individual,Nauru,OFAC,Cyber Crime,Responsibility fact ability good number.,Critical,False,True,True,REG-2025-188,2024-08-22,,Active,2025-08-15 12:32:54.642997,2026-03-14 12:32:54.643000
SANC_00138,"Miller, Villegas and Jones",Vessel,Mayotte,UKHM,Terrorism Financing,Name skill medical after them analysis hit.,High,False,True,True,REG-2024-577,2023-10-28,2025-10-14,Active,2025-12-31 12:32:54.643342,2026-04-04 12:32:54.643345
SANC_00139,"Smith, Kramer and Cooper",Individual,Falkland Islands (Malvinas),UKHM,Terrorism Financing,Billion old series card good full poor store.,High,True,False,True,REG-2022-265,2024-03-12,2027-03-08,Active,2025-11-11 12:32:54.643690,2026-04-30 12:32:54.643692
SANC_00140,"Mendoza, White and Taylor",Vessel,Bosnia and Herzegovina,OFAC,Cyber Crime,Already cut social though firm financial huge.,High,False,True,True,REG-2023-729,2024-10-25,2027-03-23,Active,2025-04-12 12:32:54.644036,2026-05-23 12:32:54.644039
SANC_00141,King-Mullins,Vessel,Falkland Islands (Malvinas),EU,Cyber Crime,Experience television answer pretty event.,High,True,True,True,REG-2021-756,2025-01-29,2026-10-27,Active,2025-04-07 12:32:54.644297,2026-05-18 12:32:54.644300
SANC_00142,Preston-Paul,Organization,Bermuda,OFAC,Regime Sanctions,Fund cost reality happen something entire.,Critical,False,False,True,REG-2022-924,2025-01-17,2027-03-08,Active,2025-10-05 12:32:54.644560,2026-04-16 12:32:54.644562
SANC_00143,Jeffrey Carney,Individual,Ecuador,UKHM,Regime Sanctions,Nation fly bag produce.,Critical,False,True,True,REG-2023-721,2023-08-13,,Active,2025-03-04 12:32:54.644779,2026-05-04 12:32:54.644783
SANC_00144,"Robbins, Jackson and Wallace",Organization,Uganda,EU,Cyber Crime,Amount thank good your ever woman way.,High,False,True,True,REG-2024-225,2024-01-23,,Active,2025-10-31 12:32:54.645130,2026-05-26 12:32:54.645133
SANC_00145,Heidi Owen,Organization,Uganda,UKHM,Narcotics,Well central parent sit.,High,False,False,True,REG-2022-881,2023-08-07,,Active,2025-06-16 12:32:54.645349,2026-04-15 12:32:54.645352
SANC_00146,Richard Diaz,Organization,Nauru,OFAC,Terrorism Financing,We allow check last he know.,Critical,False,True,True,REG-2022-697,2023-07-09,2024-08-28,Active,2025-10-13 12:32:54.645564,2026-04-11 12:32:54.645566
SANC_00147,Moreno Group,Vessel,North Korea,UKHM,Cyber Crime,Power economic box save material hit.,High,True,False,True,REG-2022-370,2023-08-09,2025-09-24,Active,2025-08-31 12:32:54.645746,2026-06-08 12:32:54.645749
SANC_00148,David Griffin,Vessel,Antigua and Barbuda,EU,Cyber Crime,Experience trouble make but table later together knowledge.,Critical,True,False,True,REG-2025-561,2024-07-28,2026-05-10,Active,2025-04-21 12:32:54.645949,2026-03-18 12:32:54.645952
SANC_00149,"Ponce, Downs and Contreras",Individual,Saint Vincent and the Grenadines,UKHM,Cyber Crime,Nearly face feel church.,Critical,False,True,True,REG-2022-716,2023-08-17,2026-01-10,Active,2026-02-14 12:32:54.646285,2026-06-08 12:32:54.646287
SANC_00150,Carrie Ward,Vessel,Philippines,UKHM,Regime Sanctions,Building cut catch so ago.,High,True,False,True,REG-2025-426,2024-11-12,,Active,2025-04-25 12:32:54.646490,2026-03-11 12:32:54.646493
SANC_00151,Mcdonald-Bird,Vessel,Philippines,UKHM,Cyber Crime,Partner beat finally yourself.,Critical,True,False,True,REG-2023-789,2024-07-22,,Active,2025-08-05 12:32:54.646737,2026-03-31 12:32:54.646740
SANC_00152,Patricia Morrow,Vessel,Russia,OFAC,Regime Sanctions,By first avoid letter.,Critical,True,True,True,REG-2025-591,2024-11-19,,Active,2025-04-18 12:32:54.646938,2026-03-13 12:32:54.646940
SANC_00153,Humphrey PLC,Organization,Falkland Islands (Malvinas),EU,Terrorism Financing,Consider whom item treat area buy check clearly.,High,True,True,True,REG-2024-421,2024-06-25,2026-08-21,Active,2025-03-18 12:32:54.647106,2026-05-18 12:32:54.647109
SANC_00154,Hannah Everett,Vessel,Nauru,OFAC,Narcotics,Suffer economy play nearly by.,High,False,False,True,REG-2025-485,2024-02-04,2025-07-30,Active,2025-07-14 12:32:54.647313,2026-04-06 12:32:54.647316
SANC_00155,Kathryn Jackson,Organization,North Korea,UN,Regime Sanctions,Child probably result painting successful nor stay agreement.,High,True,False,True,REG-2025-405,2024-01-21,,Active,2025-10-05 12:32:54.647518,2026-03-07 12:32:54.647521
SANC_00156,Laura Curtis,Individual,Russia,UKHM,Cyber Crime,Indicate police marriage phone face what lot.,Critical,False,False,True,REG-2023-224,2023-07-17,2026-01-23,Active,2025-08-24 12:32:54.647731,2026-04-24 12:32:54.647733
SANC_00157,"Sullivan, Chavez and Barker",Individual,Bosnia and Herzegovina,OFAC,Cyber Crime,Keep machine daughter parent.,High,False,False,True,REG-2023-865,2025-01-21,2026-08-15,Active,2025-06-04 12:32:54.648057,2026-05-10 12:32:54.648060
SANC_00158,"Flores, Travis and Reed",Vessel,Saint Pierre and Miquelon,EU,Terrorism Financing,Candidate have no five letter environment.,High,True,True,True,REG-2025-331,2024-01-28,2025-03-21,Active,2026-01-14 12:32:54.648380,2026-04-22 12:32:54.648382
SANC_00159,Dylan Cruz,Organization,Saint Vincent and the Grenadines,EU,Terrorism Financing,Industry while total spend value return couple city.,High,False,False,True,REG-2024-766,2023-12-11,,Active,2025-10-10 12:32:54.648569,2026-05-03 12:32:54.648572
SANC_00160,Shawn Jimenez,Individual,Anguilla,EU,Terrorism Financing,War measure whom Democrat.,High,False,True,True,REG-2021-956,2025-06-10,2027-10-30,Active,2025-12-01 12:32:54.648762,2026-03-10 12:32:54.648764
SANC_00161,Campbell PLC,Organization,Bouvet Island (Bouvetoya),OFAC,Cyber Crime,Experience account blue care enough hand idea.,High,False,False,True,REG-2024-756,2024-02-26,2026-07-15,Active,2025-12-28 12:32:54.648924,2026-04-10 12:32:54.648927
SANC_00162,Justin Cox,Individual,Saint Vincent and the Grenadines,UN,Narcotics,Available mean share evidence writer.,Critical,False,True,True,REG-2021-854,2023-07-17,2025-05-14,Active,2025-05-20 12:32:54.649109,2026-03-19 12:32:54.649111
SANC_00163,Anderson Inc,Individual,Bermuda,UKHM,Regime Sanctions,Health would newspaper hand certain own.,Critical,True,False,True,REG-2021-289,2024-10-22,2027-02-22,Active,2025-09-22 12:32:54.649267,2026-05-13 12:32:54.649269
SANC_00164,Andrew Reeves,Organization,Burundi,UKHM,Cyber Crime,Mind chance throw cause use five hotel.,Critical,False,True,True,REG-2023-769,2024-04-02,2025-11-29,Active,2026-02-03 12:32:54.649455,2026-03-20 12:32:54.649457
SANC_00165,Linda Romero,Organization,Ecuador,UKHM,Cyber Crime,Mother remember feel staff happy purpose woman.,High,False,False,True,REG-2025-326,2024-09-06,,Active,2025-12-28 12:32:54.649647,2026-04-13 12:32:54.649650
SANC_00166,Molly Watts,Vessel,Bermuda,UN,Regime Sanctions,Others enter pretty.,Critical,True,True,True,REG-2025-994,2024-08-13,2027-02-02,Active,2025-07-21 12:32:54.649844,2026-04-07 12:32:54.649847
SANC_00167,"Lane, Griffith and Silva",Individual,Antarctica (the territory South of 60 deg S),OFAC,Terrorism Financing,Modern return simple herself.,High,True,True,True,REG-2023-974,2025-05-23,2026-09-19,Active,2025-03-23 12:32:54.650150,2026-05-18 12:32:54.650152
SANC_00168,Johnson Ltd,Organization,Anguilla,UKHM,Terrorism Financing,Course kid industry include.,Critical,True,False,True,REG-2024-677,2025-02-02,,Active,2025-07-13 12:32:54.650306,2026-03-19 12:32:54.650308
SANC_00169,"Hampton, Knapp and Salas",Vessel,Northern Mariana Islands,UKHM,Cyber Crime,Relationship million night your.,High,True,True,True,REG-2021-533,2023-11-09,2025-01-12,Active,2025-06-02 12:32:54.650607,2026-06-06 12:32:54.650609
SANC_00170,Edwards-Thompson,Individual,Nauru,OFAC,Cyber Crime,Garden great sign return poor really particular.,Critical,True,True,True,REG-2024-483,2024-05-28,2026-06-23,Active,2025-07-20 12:32:54.650825,2026-04-26 12:32:54.650828
SANC_00171,Justin Walker,Vessel,North Korea,EU,Cyber Crime,Side relate real major look.,High,True,False,True,REG-2025-230,2023-11-01,2025-06-16,Active,2026-03-05 12:32:54.651010,2026-03-09 12:32:54.651013
SANC_00172,Mikayla Roberts,Organization,Benin,UKHM,Regime Sanctions,Quality here woman stand west source fact.,High,True,False,True,REG-2023-258,2024-07-27,,Active,2025-02-28 12:32:54.651196,2026-03-08 12:32:54.651199
SANC_00173,Hannah Ramos,Vessel,Mayotte,OFAC,Narcotics,Section degree still even no.,High,True,True,True,REG-2025-134,2024-01-09,2026-11-27,Active,2025-03-11 12:32:54.651381,2026-06-07 12:32:54.651383
SANC_00174,Patrick Allen,Individual,Uganda,UKHM,Narcotics,Prove most point.,High,True,True,True,REG-2025-396,2023-12-29,,Active,2025-02-25 12:32:54.651562,2026-04-01 12:32:54.651565
SANC_00175,Mitchell Garcia,Vessel,North Korea,UN,Narcotics,Accept nearly upon imagine.,Critical,True,True,True,REG-2024-407,2023-07-22,,Active,2025-05-25 12:32:54.651743,2026-03-30 12:32:54.651746
SANC_00176,Woods-Gonzalez,Individual,Iran,UKHM,Regime Sanctions,Fly position traditional become off.,High,False,False,True,REG-2025-426,2025-04-26,2027-06-18,Active,2025-12-20 12:32:54.651962,2026-05-06 12:32:54.651965
SANC_00177,Taylor Gentry,Vessel,Nauru,EU,Narcotics,Individual study value already.,Critical,True,False,True,REG-2021-675,2024-07-08,2026-09-07,Active,2025-05-25 12:32:54.652146,2026-04-07 12:32:54.652148
SANC_00178,Charlotte Curry,Individual,Saint Pierre and Miquelon,EU,Cyber Crime,Theory across nothing blue work.,High,False,False,True,REG-2021-648,2025-02-13,2026-08-27,Active,2026-02-08 12:32:54.652330,2026-05-10 12:32:54.652333
SANC_00179,Kimberly Snyder DVM,Vessel,Bermuda,OFAC,Terrorism Financing,Life cover both class learn either control.,High,True,False,True,REG-2022-990,2024-01-07,2025-11-12,Active,2026-02-27 12:32:54.652524,2026-05-17 12:32:54.652527
SANC_00180,Bradley-Todd,Vessel,Saint Vincent and the Grenadines,UKHM,Narcotics,Particularly police if into.,High,False,True,True,REG-2025-429,2024-12-02,2026-12-26,Active,2025-07-11 12:32:54.652761,2026-04-06 12:32:54.652763
SANC_00181,Caldwell-Lopez,Organization,Saint Pierre and Miquelon,UN,Regime Sanctions,Local very according himself.,Critical,True,False,True,REG-2023-308,2024-02-08,2026-04-06,Active,2026-02-11 12:32:54.652977,2026-04-02 12:32:54.652980
SANC_00182,Finley-Turner,Vessel,Falkland Islands (Malvinas),OFAC,Cyber Crime,Activity president realize artist brother fill if.,Critical,False,True,True,REG-2022-437,2024-05-05,,Active,2025-05-19 12:32:54.653194,2026-05-13 12:32:54.653197
SANC_00183,Michele Collins,Vessel,North Korea,UN,Cyber Crime,Police wait happen determine.,Critical,False,False,True,REG-2022-850,2024-06-14,2025-12-04,Active,2025-12-25 12:32:54.653378,2026-03-13 12:32:54.653381
SANC_00184,Hernandez-Adkins,Individual,Antigua and Barbuda,OFAC,Terrorism Financing,Health reduce tree serious soon stay seven quite.,High,True,True,True,REG-2024-240,2025-05-12,2027-01-03,Active,2026-01-31 12:32:54.653598,2026-03-15 12:32:54.653600
SANC_00185,Kelly Rice,Individual,Jamaica,UKHM,Cyber Crime,Back nor article natural measure of.,High,False,False,True,REG-2021-106,2024-08-21,2026-10-16,Active,2026-02-28 12:32:54.653799,2026-06-11 12:32:54.653801
SANC_00186,Bond-Ramos,Organization,Antigua and Barbuda,UN,Terrorism Financing,Response major together knowledge argue.,Critical,True,True,True,REG-2021-636,2023-10-01,,Active,2025-11-28 12:32:54.654026,2026-03-26 12:32:54.654029
SANC_00187,Bryant-Brown,Organization,Saint Pierre and Miquelon,UKHM,Terrorism Financing,Pull final against effort able design authority.,Critical,False,False,True,REG-2025-349,2023-09-18,2025-05-06,Active,2025-10-04 12:32:54.654253,2026-03-18 12:32:54.654256
SANC_00188,"Brown, Mcknight and Michael",Individual,Iran,OFAC,Terrorism Financing,Worry line expert conference.,Critical,False,False,True,REG-2025-587,2024-04-18,,Active,2026-03-02 12:32:54.654533,2026-03-16 12:32:54.654535
SANC_00189,Monica Stuart,Organization,Mayotte,UN,Terrorism Financing,Year him thank trade heart radio.,High,True,True,True,REG-2025-586,2023-09-20,,Active,2026-01-27 12:32:54.654716,2026-03-18 12:32:54.654719
SANC_00190,"Anderson, Dalton and Wilson",Vessel,Antarctica (the territory South of 60 deg S),OFAC,Narcotics,Hotel camera without strong series without leg.,Critical,True,True,True,REG-2025-247,2024-10-09,2027-10-08,Active,2025-08-15 12:32:54.654997,2026-06-04 12:32:54.654999
SANC_00191,James Hall,Vessel,Burundi,UKHM,Cyber Crime,Get every visit right both special information.,Critical,True,True,True,REG-2025-863,2024-11-19,2026-01-12,Active,2026-01-15 12:32:54.655170,2026-04-19 12:32:54.655172
SANC_00192,Alexis Harris,Individual,Philippines,UKHM,Cyber Crime,Order land public the.,High,False,False,True,REG-2024-333,2024-12-24,2027-01-12,Active,2025-07-28 12:32:54.655341,2026-05-21 12:32:54.655344
SANC_00193,Morales and Sons,Vessel,Uganda,OFAC,Cyber Crime,Describe tell argue mean eye staff rule.,High,True,True,True,REG-2023-257,2023-12-09,2026-09-18,Active,2025-12-18 12:32:54.655484,2026-03-11 12:32:54.655487
SANC_00194,Megan Flores,Organization,Saint Vincent and the Grenadines,OFAC,Terrorism Financing,Then worry miss including every.,Critical,False,False,True,REG-2023-204,2024-02-01,,Active,2025-12-01 12:32:54.655652,2026-04-19 12:32:54.655655
SANC_00195,Nancy Thompson,Vessel,Jamaica,UKHM,Terrorism Financing,New another general poor high modern.,High,True,False,True,REG-2025-195,2024-07-24,2026-06-21,Active,2025-08-21 12:32:54.655819,2026-06-12 12:32:54.655821
SANC_00196,Elijah White,Organization,Anguilla,EU,Narcotics,List support feeling remain south trip none.,Critical,True,True,True,REG-2023-408,2024-11-03,,Active,2025-12-22 12:32:54.655981,2026-06-05 12:32:54.655983
SANC_00197,Brandi Sanchez,Organization,Mayotte,UN,Regime Sanctions,Form bad last he movie.,High,False,False,True,REG-2022-838,2025-05-20,2028-01-18,Active,2025-04-25 12:32:54.656143,2026-05-19 12:32:54.656145
SANC_00198,James Jacobs,Individual,Bosnia and Herzegovina,OFAC,Regime Sanctions,Them could seven.,Critical,False,False,True,REG-2024-442,2025-02-08,2027-12-06,Active,2025-05-06 12:32:54.656302,2026-05-27 12:32:54.656304
SANC_00199,Karen Booth,Vessel,Russia,EU,Regime Sanctions,Field training deep couple scientist section.,Critical,True,False,True,REG-2023-398,2024-11-23,2027-09-02,Active,2025-06-28 12:32:54.656463,2026-04-01 12:32:54.656465
SANC_00200,Dominguez Ltd,Organization,Uganda,UN,Regime Sanctions,However dream focus executive letter.,Critical,True,True,True,REG-2025-658,2024-12-15,,Active,2025-02-06 12:32:54.656598,2026-04-04 12:32:54.656600
SANC_00201,Ian Andrade,Vessel,Benin,EU,Regime Sanctions,Better wonder light style trial have including.,Critical,True,False,True,REG-2024-242,2024-09-29,2026-06-03,Active,2025-10-28 12:32:54.656768,2026-03-21 12:32:54.656770
SANC_00202,Charles Green,Organization,Uganda,OFAC,Regime Sanctions,Often individual charge form here street material pressure.,Critical,False,False,True,REG-2025-137,2024-07-28,2026-07-31,Active,2025-03-12 12:32:54.656930,2026-04-06 12:32:54.656932
SANC_00203,Hines-Burns,Individual,Saint Vincent and the Grenadines,EU,Cyber Crime,Leave run goal cause national contain threat.,High,True,False,True,REG-2023-915,2024-10-25,2025-11-04,Active,2026-01-15 12:32:54.657130,2026-05-11 12:32:54.657133
SANC_00204,Kelly Combs,Vessel,Jamaica,EU,Regime Sanctions,War property share include.,Critical,False,False,True,REG-2025-807,2025-06-05,2027-05-24,Active,2026-02-22 12:32:54.657296,2026-04-13 12:32:54.657299
SANC_00205,Michael Smith,Organization,Anguilla,OFAC,Narcotics,Lay art point value tree process administration.,Critical,False,False,True,REG-2024-903,2025-02-18,,Active,2025-07-02 12:32:54.657456,2026-04-30 12:32:54.657458
SANC_00206,Alan Bowen,Organization,Syria,UKHM,Cyber Crime,Within admit spend purpose south travel blood.,High,False,True,True,REG-2021-123,2024-07-06,2027-04-30,Active,2026-01-10 12:32:54.657615,2026-03-19 12:32:54.657617
SANC_00207,Allen PLC,Vessel,Burundi,EU,Narcotics,Education great some bad where learn during.,Critical,False,False,True,REG-2022-916,2023-08-23,2025-02-26,Active,2025-12-01 12:32:54.657756,2026-03-24 12:32:54.657758
SANC_00208,Sutton-Abbott,Organization,Northern Mariana Islands,EU,Regime Sanctions,Behavior here need.,Critical,False,True,True,REG-2022-310,2024-11-03,,Active,2025-03-11 12:32:54.657952,2026-06-05 12:32:54.657954
SANC_00209,Warner Inc,Vessel,Ecuador,UN,Cyber Crime,Suddenly population former with wind thus try.,High,False,True,True,REG-2023-786,2023-07-24,2026-01-14,Active,2025-04-13 12:32:54.658086,2026-05-04 12:32:54.658088
SANC_00210,"Clay, Alvarez and Williams",Vessel,Uganda,OFAC,Cyber Crime,Range exactly myself probably.,Critical,False,True,True,REG-2023-729,2023-11-28,2026-10-16,Active,2025-12-28 12:32:54.658346,2026-05-04 12:32:54.658348
SANC_00211,Alexis Clark,Organization,Saint Vincent and the Grenadines,EU,Cyber Crime,Sell require huge baby.,High,False,False,True,REG-2025-241,2023-10-22,2025-12-28,Active,2025-12-01 12:32:54.658508,2026-04-12 12:32:54.658510
SANC_00212,Knight Group,Vessel,Iran,EU,Narcotics,Forward sense cause write right may window.,Critical,False,True,True,REG-2022-422,2023-10-10,2026-07-05,Active,2026-02-07 12:32:54.658644,2026-04-29 12:32:54.658646
SANC_00213,Hall-Jones,Organization,Falkland Islands (Malvinas),EU,Regime Sanctions,Shoulder western however similar ahead event yeah make.,Critical,False,False,True,REG-2024-827,2023-07-23,2025-12-04,Active,2025-12-11 12:32:54.658846,2026-06-03 12:32:54.658848
SANC_00214,Reynolds-Frazier,Individual,Bosnia and Herzegovina,OFAC,Cyber Crime,Beat peace something require bank child.,High,False,True,True,REG-2024-679,2024-02-28,2026-07-19,Active,2025-05-29 12:32:54.659039,2026-04-09 12:32:54.659041
SANC_00215,Nancy Stewart,Individual,Saint Pierre and Miquelon,UN,Terrorism Financing,Before wall know seven.,Critical,True,False,True,REG-2021-853,2024-11-14,2026-07-25,Active,2025-10-05 12:32:54.659203,2026-06-09 12:32:54.659205
SANC_00216,Jeffrey Hawkins,Organization,Anguilla,UKHM,Terrorism Financing,Impact ago government behavior our foot history.,High,True,False,True,REG-2025-747,2023-08-27,2026-05-18,Active,2025-12-25 12:32:54.659367,2026-05-18 12:32:54.659369
SANC_00217,Maxwell-Hardy,Individual,Antarctica (the territory South of 60 deg S),UN,Cyber Crime,Toward within occur college herself catch feeling.,High,False,False,True,REG-2023-686,2024-01-13,,Active,2025-06-16 12:32:54.659554,2026-03-19 12:32:54.659556
SANC_00218,Jackson LLC,Individual,Mayotte,OFAC,Cyber Crime,Feel site guess want result many.,High,True,True,True,REG-2022-828,2024-06-07,2026-02-15,Active,2025-02-10 12:32:54.659687,2026-03-19 12:32:54.659689
SANC_00219,Chad Smith,Individual,Antarctica (the territory South of 60 deg S),UN,Regime Sanctions,Forward per sound forget friend spring.,Critical,False,True,True,REG-2021-512,2024-09-06,2026-06-17,Active,2025-03-16 12:32:54.659839,2026-04-27 12:32:54.659841
SANC_00220,Brandy Flores,Organization,Philippines,OFAC,Terrorism Financing,Look concern huge five same.,Critical,False,True,True,REG-2025-507,2025-03-02,,Active,2025-07-30 12:32:54.659995,2026-05-17 12:32:54.659997
SANC_00221,Rachael Nguyen,Organization,Bosnia and Herzegovina,UN,Narcotics,Staff hotel box nor or.,Critical,False,True,True,REG-2021-201,2024-09-18,2027-01-01,Active,2026-02-26 12:32:54.660150,2026-05-29 12:32:54.660152
SANC_00222,"Saunders, Johnson and Acosta",Individual,Benin,UKHM,Terrorism Financing,Just fact realize standard somebody.,Critical,True,True,True,REG-2023-262,2024-07-16,2026-04-22,Active,2026-01-18 12:32:54.660398,2026-03-22 12:32:54.660400
SANC_00223,Mr. David Hopkins DDS,Individual,Saint Vincent and the Grenadines,EU,Terrorism Financing,Available wrong look husband media turn.,Critical,False,True,True,REG-2024-771,2024-04-07,,Active,2026-01-17 12:32:54.660570,2026-06-13 12:32:54.660572
SANC_00224,Rachel Ward,Individual,Falkland Islands (Malvinas),EU,Regime Sanctions,Order trial body eat professor coach partner.,High,True,False,True,REG-2021-980,2024-10-30,2026-03-14,Active,2025-07-05 12:32:54.660735,2026-06-04 12:32:54.660737
SANC_00225,Maria Rasmussen,Individual,Syria,OFAC,Terrorism Financing,Whole involve action else member million.,Critical,False,False,True,REG-2022-491,2024-07-29,2025-12-12,Active,2025-04-12 12:32:54.660895,2026-03-19 12:32:54.660897
SANC_00226,Jill Myers,Vessel,Antarctica (the territory South of 60 deg S),OFAC,Narcotics,Real character young lot far turn beat story.,Critical,False,True,True,REG-2022-521,2024-08-10,2026-11-06,Active,2025-11-15 12:32:54.661052,2026-06-02 12:32:54.661054
SANC_00227,Collins-Gibson,Individual,Saint Vincent and the Grenadines,UKHM,Cyber Crime,Miss give best reveal laugh.,Critical,False,True,True,REG-2022-383,2024-11-28,2026-08-09,Active,2025-05-27 12:32:54.661239,2026-03-29 12:32:54.661241
SANC_00228,Patrick Inc,Vessel,Bosnia and Herzegovina,OFAC,Cyber Crime,Support possible quality.,High,True,False,True,REG-2023-761,2023-08-02,,Active,2025-11-04 12:32:54.661369,2026-04-11 12:32:54.661372
SANC_00229,Mrs. Carrie Moore,Individual,Nauru,OFAC,Terrorism Financing,Interview left something picture control price how.,Critical,False,True,True,REG-2024-981,2023-10-11,2025-12-14,Active,2025-08-31 12:32:54.661543,2026-04-05 12:32:54.661545
SANC_00230,Cole Group,Organization,Anguilla,OFAC,Terrorism Financing,Above Democrat everything region somebody officer.,High,False,True,True,REG-2021-161,2024-12-03,2027-01-14,Active,2025-06-20 12:32:54.661683,2026-05-08 12:32:54.661685
SANC_00231,"Lopez, Nguyen and Ellis",Vessel,Mayotte,UKHM,Regime Sanctions,Provide majority whole finish home.,High,True,False,True,REG-2021-417,2025-01-17,,Active,2025-11-22 12:32:54.661932,2026-05-25 12:32:54.661935
SANC_00232,Bailey Group,Organization,Antarctica (the territory South of 60 deg S),OFAC,Cyber Crime,Common purpose song try opportunity public finish draw.,Critical,True,True,True,REG-2022-188,2024-03-26,2025-07-22,Active,2025-07-17 12:32:54.662068,2026-03-27 12:32:54.662070
SANC_00233,Steele-Dixon,Organization,North Korea,EU,Terrorism Financing,Others offer institution main Mr try.,High,True,True,True,REG-2022-608,2023-09-07,2026-02-23,Active,2025-06-15 12:32:54.662255,2026-03-13 12:32:54.662257
SANC_00234,Christopher Roberts,Organization,Falkland Islands (Malvinas),UN,Terrorism Financing,Fire late approach grow.,High,False,False,True,REG-2023-636,2025-04-23,,Active,2025-03-07 12:32:54.662411,2026-04-01 12:32:54.662414
SANC_00235,Lee Group,Organization,Benin,UN,Terrorism Financing,Measure manager range indeed style major bar.,Critical,True,False,True,REG-2022-361,2023-06-20,2026-01-27,Active,2025-03-26 12:32:54.662539,2026-03-13 12:32:54.662541
SANC_00236,Dorothy Hill,Vessel,Jamaica,OFAC,Terrorism Financing,Eye sit not significant manager member of.,High,True,True,True,REG-2024-472,2023-07-06,2024-12-05,Active,2025-12-05 12:32:54.662692,2026-06-09 12:32:54.662693
SANC_00237,"Morrow, Richardson and Carson",Vessel,Syria,UKHM,Narcotics,Service kid despite.,Critical,True,False,True,REG-2023-377,2023-12-26,2026-08-02,Active,2025-08-28 12:32:54.662930,2026-05-29 12:32:54.662932
SANC_00238,"Greer, Potter and Evans",Individual,Ecuador,EU,Terrorism Financing,Last give stage.,Critical,True,False,True,REG-2023-892,2024-04-19,2026-03-20,Active,2026-01-21 12:32:54.663166,2026-04-04 12:32:54.663168
SANC_00239,Patricia Young PhD,Organization,Czech Republic,UN,Cyber Crime,Ready technology particular into pattern size spend south.,High,False,False,True,REG-2025-605,2024-04-29,2025-11-15,Active,2025-02-24 12:32:54.663325,2026-04-05 12:32:54.663327
SANC_00240,"Campbell, Ryan and Morris",Individual,Falkland Islands (Malvinas),OFAC,Regime Sanctions,Eye environment teach world quickly.,High,True,False,True,REG-2021-443,2024-08-03,,Active,2025-04-04 12:32:54.663559,2026-04-26 12:32:54.663561
SANC_00241,Sellers-Riddle,Vessel,Bosnia and Herzegovina,OFAC,Narcotics,Reduce car chair focus.,High,False,False,True,REG-2021-245,2023-08-22,2024-11-24,Active,2026-02-12 12:32:54.663741,2026-05-15 12:32:54.663743
SANC_00242,"Long, Thomas and Chen",Vessel,Mayotte,UN,Regime Sanctions,Increase later plant they behavior middle everything view.,High,True,True,True,REG-2024-176,2023-12-11,2025-02-11,Active,2025-07-27 12:32:54.663979,2026-03-21 12:32:54.663981
SANC_00243,Murphy-Smith,Individual,Bosnia and Herzegovina,UN,Cyber Crime,Room learn professional group.,Critical,False,False,True,REG-2024-378,2024-03-09,,Active,2025-11-23 12:32:54.664153,2026-05-27 12:32:54.664155
SANC_00244,"Sanders, Donaldson and Summers",Vessel,Saint Vincent and the Grenadines,EU,Terrorism Financing,Environmental stock front official not magazine gas.,High,False,False,True,REG-2023-516,2023-07-30,,Active,2025-09-04 12:32:54.664379,2026-03-07 12:32:54.664381
SANC_00245,Brett Bowers,Organization,Benin,UN,Terrorism Financing,Administration upon citizen lead yeah into yet.,High,True,False,True,REG-2025-141,2024-10-24,,Active,2025-09-20 12:32:54.664518,2026-05-26 12:32:54.664520
SANC_00246,Elizabeth Baxter,Individual,Saint Vincent and the Grenadines,UKHM,Terrorism Financing,Behavior growth bar professor power.,Critical,False,True,True,REG-2021-514,2025-04-07,2027-10-28,Active,2025-02-16 12:32:54.664659,2026-04-04 12:32:54.664661
SANC_00247,Molly Fischer,Organization,Saint Vincent and the Grenadines,EU,Terrorism Financing,Pretty region ability live car difficult.,High,True,True,True,REG-2022-302,2023-07-21,2025-08-05,Active,2025-03-20 12:32:54.664803,2026-03-25 12:32:54.664805
SANC_00248,Smith LLC,Individual,Antarctica (the territory South of 60 deg S),UN,Terrorism Financing,Write institution car audience.,High,True,True,True,REG-2024-928,2024-10-22,,Active,2025-09-18 12:32:54.664925,2026-05-29 12:32:54.664927
SANC_00249,Ashley Edwards,Organization,Bouvet Island (Bouvetoya),EU,Regime Sanctions,Case similar send card year.,Critical,False,True,True,REG-2024-799,2024-03-19,2026-03-16,Active,2025-11-17 12:32:54.665065,2026-05-21 12:32:54.665066
SANC_00250,Alejandra Santos,Organization,Falkland Islands (Malvinas),OFAC,Narcotics,Goal defense security turn pattern kind.,Critical,False,False,True,REG-2025-590,2023-09-26,,Active,2025-10-14 12:32:54.665204,2026-04-25 12:32:54.665206
SANC_00251,Brenda Martinez,Individual,Iran,EU,Terrorism Financing,Goal investment social easy popular easy.,Critical,False,False,True,REG-2025-900,2023-11-19,2026-06-20,Active,2025-06-22 12:32:54.665349,2026-05-03 12:32:54.665351
SANC_00252,Dominique Pugh,Individual,Northern Mariana Islands,UN,Narcotics,Summer probably feeling.,High,False,True,True,REG-2024-642,2024-08-25,2027-04-15,Active,2025-11-07 12:32:54.665492,2026-05-24 12:32:54.665494
SANC_00253,Nicole Phillips,Vessel,Burundi,UN,Terrorism Financing,Six soldier dream.,High,False,False,True,REG-2022-280,2024-06-25,,Active,2025-09-25 12:32:54.665633,2026-03-11 12:32:54.665635
SANC_00254,Porter PLC,Vessel,Northern Mariana Islands,UN,Narcotics,Month within would value.,High,False,False,True,REG-2022-602,2024-03-21,,Active,2026-02-06 12:32:54.665754,2026-05-15 12:32:54.665756
SANC_00255,"Fisher, Payne and Thompson",Individual,Jamaica,UKHM,Terrorism Financing,West side admit attack energy always art.,Critical,True,True,True,REG-2023-834,2023-09-18,,Active,2025-09-22 12:32:54.665979,2026-06-06 12:32:54.665981
SANC_00256,Lori Mason,Vessel,Russia,EU,Terrorism Financing,Interest I policy Mrs check base.,Critical,True,False,True,REG-2024-700,2025-01-10,,Active,2025-10-03 12:32:54.666117,2026-05-03 12:32:54.666120
SANC_00257,Valerie Moore,Individual,Syria,UKHM,Regime Sanctions,Hospital plant strong race at recognize.,Critical,True,False,True,REG-2022-781,2023-08-10,2025-02-04,Active,2025-08-25 12:32:54.666259,2026-05-05 12:32:54.666261
SANC_00258,Brown Inc,Organization,Falkland Islands (Malvinas),EU,Terrorism Financing,Break partner area program price compare.,Critical,True,True,True,REG-2025-425,2024-11-27,2027-08-15,Active,2025-11-13 12:32:54.666377,2026-03-24 12:32:54.666379
SANC_00259,Miles and Sons,Organization,Falkland Islands (Malvinas),UN,Terrorism Financing,Well mission situation result cold camera sit.,High,False,False,True,REG-2022-751,2023-06-23,2024-09-20,Active,2025-03-09 12:32:54.666494,2026-03-20 12:32:54.666496
SANC_00260,Wise Inc,Organization,Benin,OFAC,Cyber Crime,Southern evening ask Republican office baby.,High,True,True,True,REG-2023-362,2023-12-27,2024-12-27,Active,2026-02-10 12:32:54.666609,2026-04-25 12:32:54.666611
SANC_00261,Jonathan Bradley,Organization,Ecuador,UKHM,Regime Sanctions,Church significant thus purpose boy scientist.,Critical,False,False,True,REG-2021-948,2024-05-11,2026-12-23,Active,2025-04-07 12:32:54.666753,2026-03-08 12:32:54.666766
SANC_00262,Sanchez Group,Individual,Benin,OFAC,Terrorism Financing,Him change use tax need trial.,Critical,True,False,True,REG-2023-207,2023-06-15,,Active,2025-12-09 12:32:54.666891,2026-04-26 12:32:54.666893
SANC_00263,Frank Butler,Individual,Antigua and Barbuda,OFAC,Cyber Crime,Even back head maybe top conference.,Critical,True,False,True,REG-2022-721,2024-12-05,2026-05-14,Active,2026-02-07 12:32:54.667039,2026-06-01 12:32:54.667041
SANC_00264,Dr. Andrea Marshall,Individual,Mayotte,UN,Cyber Crime,Similar financial beat lead hard.,Critical,True,True,True,REG-2021-502,2025-01-21,2027-06-07,Active,2025-12-18 12:32:54.667190,2026-06-07 12:32:54.667192
SANC_00265,Nancy Sanchez,Organization,Anguilla,UN,Regime Sanctions,Option management significant crime too set.,High,True,True,True,REG-2022-274,2024-01-12,2025-04-04,Active,2025-07-07 12:32:54.667332,2026-05-30 12:32:54.667334
SANC_00266,Jason Hall,Organization,Nauru,UKHM,Cyber Crime,Player really act friend serve heavy.,High,False,True,True,REG-2023-490,2023-12-09,2026-03-09,Active,2026-02-12 12:32:54.667470,2026-05-11 12:32:54.667472
SANC_00267,Daniel Bird,Organization,Burundi,UN,Terrorism Financing,Man art young Republican behavior TV.,High,True,True,True,REG-2023-927,2024-12-03,2027-07-29,Active,2025-11-10 12:32:54.667605,2026-04-04 12:32:54.667607
SANC_00268,Mercedes Watson,Organization,Jamaica,UKHM,Regime Sanctions,Oil measure PM hour.,High,False,False,True,REG-2021-504,2025-03-30,2026-05-04,Active,2025-06-22 12:32:54.667744,2026-04-01 12:32:54.667746
SANC_00269,Graham and Sons,Vessel,North Korea,EU,Terrorism Financing,Factor surface unit hotel story.,Critical,True,True,True,REG-2022-927,2024-08-19,,Active,2026-02-13 12:32:54.667866,2026-04-20 12:32:54.667867
SANC_00270,David Harding,Vessel,Mayotte,EU,Narcotics,Sister once choice clearly.,Critical,False,True,True,REG-2021-497,2024-02-07,2026-08-25,Active,2025-09-21 12:32:54.668005,2026-05-09 12:32:54.668006
SANC_00271,Martinez-Howard,Individual,Russia,UKHM,Terrorism Financing,Later leg system bed space.,Critical,True,True,True,REG-2025-702,2024-05-19,2025-08-29,Active,2026-01-11 12:32:54.668165,2026-04-02 12:32:54.668167
SANC_00272,"Terry, Williams and Huff",Organization,Antigua and Barbuda,UN,Regime Sanctions,Chance represent why how any federal.,Critical,False,False,True,REG-2025-723,2024-01-22,2025-07-16,Active,2025-10-16 12:32:54.668383,2026-04-23 12:32:54.668384
SANC_00273,Tristan Bond,Vessel,North Korea,UKHM,Terrorism Financing,Security economic left sound cause activity store.,Critical,False,True,True,REG-2021-863,2025-02-01,2026-11-03,Active,2025-08-28 12:32:54.668516,2026-06-11 12:32:54.668518
SANC_00274,Rodney Watson,Organization,Bosnia and Herzegovina,UN,Regime Sanctions,Visit base only true avoid young cup position.,High,True,True,True,REG-2023-861,2025-05-31,2027-04-24,Active,2025-10-20 12:32:54.668652,2026-03-12 12:32:54.668653
SANC_00275,Ryan Lamb,Vessel,Anguilla,EU,Regime Sanctions,Amount leave collection off.,High,False,False,True,REG-2025-988,2025-01-24,2026-03-22,Active,2025-06-16 12:32:54.668790,2026-05-24 12:32:54.668791
SANC_00276,Allen Vega,Vessel,Jamaica,UKHM,Narcotics,Government traditional every land.,High,True,True,True,REG-2022-957,2025-02-02,,Active,2026-02-18 12:32:54.668916,2026-04-16 12:32:54.668918
SANC_00277,Lisa Holland,Organization,Russia,EU,Cyber Crime,Include nearly article evidence case current this.,Critical,False,False,True,REG-2021-797,2023-09-30,,Active,2025-08-28 12:32:54.669044,2026-04-12 12:32:54.669046
SANC_00278,"Mcknight, Stephens and Smith",Individual,Nauru,UN,Cyber Crime,Site grow name machine tree maybe.,High,False,True,True,REG-2023-128,2024-07-01,2025-12-14,Active,2025-05-18 12:32:54.669249,2026-05-17 12:32:54.669251
SANC_00279,Johnson PLC,Vessel,Burundi,EU,Cyber Crime,Ahead specific exactly speak line.,Critical,True,True,True,REG-2024-235,2024-03-23,2026-11-28,Active,2026-03-02 12:32:54.669358,2026-05-16 12:32:54.669360
SANC_00280,Crystal Moore,Organization,Russia,UN,Regime Sanctions,Prevent entire staff true argue.,Critical,False,False,True,REG-2023-323,2024-02-29,2027-01-22,Active,2025-06-13 12:32:54.669492,2026-03-26 12:32:54.669493
SANC_00281,Ryan Salinas,Individual,Northern Mariana Islands,UN,Cyber Crime,Very yard community door fish scene.,Critical,True,False,True,REG-2021-444,2025-06-10,2028-03-26,Active,2025-09-21 12:32:54.669622,2026-05-09 12:32:54.669624
SANC_00282,Michele Bell,Vessel,Iran,UN,Narcotics,Nor none could write think man finally.,High,True,True,True,REG-2025-513,2024-03-01,2027-01-27,Active,2025-12-25 12:32:54.669757,2026-03-13 12:32:54.669758
SANC_00283,David Robinson,Organization,Bosnia and Herzegovina,UN,Regime Sanctions,Long forward pass southern future concern sort.,Critical,False,True,True,REG-2025-825,2024-06-06,2025-12-17,Active,2025-09-12 12:32:54.669885,2026-03-13 12:32:54.669886
SANC_00284,Johnson PLC,Vessel,Antigua and Barbuda,UKHM,Cyber Crime,Similar suffer team whether.,Critical,True,True,True,REG-2023-199,2025-03-08,2026-11-27,Active,2025-02-28 12:32:54.669992,2026-04-03 12:32:54.669994
SANC_00285,"Foster, Garcia and Turner",Individual,North Korea,UN,Terrorism Financing,Wish run join police.,High,False,True,True,REG-2023-530,2024-03-12,2026-02-14,Active,2025-08-28 12:32:54.670200,2026-05-11 12:32:54.670201
SANC_00286,Thompson-Novak,Organization,Saint Vincent and the Grenadines,UKHM,Terrorism Financing,Skin development open compare fill read camera rock.,High,False,True,True,REG-2025-222,2024-06-03,2026-06-28,Active,2025-06-08 12:32:54.670359,2026-05-06 12:32:54.670361
SANC_00287,Jenna Gamble,Individual,Falkland Islands (Malvinas),EU,Cyber Crime,Allow own TV whose determine not view.,Critical,False,True,True,REG-2023-983,2025-05-06,2026-07-27,Active,2025-06-30 12:32:54.670492,2026-05-02 12:32:54.670494
SANC_00288,"Miller, Reed and Flores",Individual,Philippines,OFAC,Terrorism Financing,Start prove role from.,Critical,False,True,True,REG-2022-690,2023-09-24,2026-02-06,Active,2025-02-09 12:32:54.670703,2026-06-02 12:32:54.670705
SANC_00289,Michael Bell,Organization,Iran,UKHM,Regime Sanctions,Result answer just information.,Critical,False,False,True,REG-2021-138,2023-06-22,2025-07-08,Active,2026-02-27 12:32:54.670834,2026-05-03 12:32:54.670836
SANC_00290,Snyder-Gray,Vessel,Czech Republic,OFAC,Terrorism Financing,Heart stock small official serve difficult later.,High,True,False,True,REG-2023-232,2023-10-13,,Active,2025-06-22 12:32:54.670986,2026-03-30 12:32:54.670988
SANC_00291,Alejandro Green,Individual,Bouvet Island (Bouvetoya),UN,Cyber Crime,Avoid color heart rule.,Critical,False,False,True,REG-2022-450,2025-01-17,2027-06-02,Active,2025-09-04 12:32:54.671114,2026-03-09 12:32:54.671116
SANC_00292,Anna Wheeler,Organization,Northern Mariana Islands,EU,Narcotics,Throw relate issue president parent its approach former.,High,True,True,True,REG-2025-616,2024-07-17,,Active,2025-08-31 12:32:54.671243,2026-03-14 12:32:54.671245
SANC_00293,Terry-Bowen,Individual,Uganda,UN,Terrorism Financing,Enter example down anyone occur style child.,High,True,True,True,REG-2021-806,2025-05-25,,Active,2025-07-22 12:32:54.671398,2026-04-26 12:32:54.671400
SANC_00294,Edward Stanley,Organization,Nauru,EU,Narcotics,Lose best deal point with list break size.,High,False,False,True,REG-2021-778,2024-03-03,2026-11-30,Active,2025-04-30 12:32:54.671528,2026-03-16 12:32:54.671530
SANC_00295,Deborah May,Individual,Jamaica,OFAC,Cyber Crime,Continue those hard knowledge enjoy let.,High,True,False,True,REG-2022-723,2024-05-22,,Active,2025-10-23 12:32:54.671659,2026-04-08 12:32:54.671661
SANC_00296,Elliott-Hernandez,Organization,Russia,UKHM,Cyber Crime,Beat gas must wife.,High,True,False,True,REG-2022-804,2023-11-26,2025-10-29,Active,2025-11-06 12:32:54.671816,2026-06-13 12:32:54.671817
SANC_00297,Sara Cardenas,Individual,Saint Vincent and the Grenadines,UKHM,Narcotics,Whole reach view of dog federal.,High,True,True,True,REG-2023-759,2024-08-17,,Active,2025-10-06 12:32:54.671939,2026-05-11 12:32:54.671941
SANC_00298,Amanda Duncan,Individual,Ecuador,OFAC,Cyber Crime,Song quality per build serious common worker.,Critical,False,False,True,REG-2021-197,2024-03-28,2025-05-13,Active,2026-03-02 12:32:54.672063,2026-05-27 12:32:54.672065
SANC_00299,Martinez Group,Individual,Philippines,UN,Regime Sanctions,Write itself young physical.,Critical,True,False,True,REG-2023-287,2025-05-23,,Active,2025-08-14 12:32:54.672166,2026-04-16 12:32:54.672167
SANC_00300,Thomas Sloan,Organization,Russia,UKHM,Regime Sanctions,Beautiful news need task.,High,True,True,True,REG-2021-964,2025-02-11,,Active,2025-08-05 12:32:54.672288,2026-03-30 12:32:54.672290
